"Kanton_Short","Datum","Verimpft","Verimpft_pro_Person","Verimpft_pro_Tag","Verimpft_pro_Tag_Vorwoche","Veraenderung","Geliefert","Verimpft_Anteil","Kanton_d","Kanton_f","Kanton_i","Text_d","Text_f","Text_i"
"AG","31.01.2021","  8'868",3.2,"  -586","218",-369,"0",Inf,"Aargau","Argovie","Argovia","Im Kanton Aargau wurden bislang pro 100 Einwohner <b>3.2</b> Impfungen durchgeführt. Das entspricht <b>  8'868</b> Impfungen. In der vergangenen Woche wurden pro Tag durchschnittlich <b>  -586</b> Personen geimpft. Im Vergleich zur Vorwoche eintspricht dies einer Veränderung von <b>-369%</b>. Insgesamt wurden in den Kanton Aargau bislang <b>0</b> Impfdosen geliefert. Davon wurden bereits <b>Inf%</b> verimpft.<br><br>","Dans le canton d'Argovie, <b>3.2</b> injections pour 100 habitants ont été réalisées jusqu’ici. Cela représente en tout <b>  8'868</b> vaccinations. La semaine dernière, <b>  -586</b> personnes ont été vaccinées chaque jour en moyenne. Cela représente une variation de <b>-369%</b> par rapport à la semaine précédente. Au total, <b>0</b> doses de vaccin ont été livrées jusqu’ici dans le canton d'Argovie. Sur ce nombre, <b>Inf%</b> ont été utilisés.<br><br>","Nel canton Argovia fino a questo momento sono state effettuate <b>3.2</b> iniezioni ogni 100 abitanti. In cifre assolute, si tratta di <b>  8'868</b> vaccinazioni. La scorsa settimana, in media <b>  -586</b> persone sono state vaccinate giornalmente (variazione rispetto alla settimana precedente: <b>-369%)</b>. In totale, fino ad ora al canton Argovia sono state consegnate <b>0</b> dosi di vaccino. Quota di utilizzo: <b>Inf%</b>.<br><br>"
"AI","31.01.2021","  5'165",3.2,"   607"," 24",2482,"0",Inf,"Appenzell Innerrhoden","Appenzell Rhodes-Intérieures","Appenzello Interno","Im Kanton Appenzell Innerrhoden wurden bislang pro 100 Einwohner <b>3.2</b> Impfungen durchgeführt. Das entspricht <b>  5'165</b> Impfungen. In der vergangenen Woche wurden pro Tag durchschnittlich <b>   607</b> Personen geimpft. Im Vergleich zur Vorwoche eintspricht dies einer Veränderung von <b>2482%</b>. Insgesamt wurden in den Kanton Appenzell Innerrhoden bislang <b>0</b> Impfdosen geliefert. Davon wurden bereits <b>Inf%</b> verimpft.<br><br>","Dans le canton d'Appenzell Rhodes-Intérieures, <b>3.2</b> injections pour 100 habitants ont été réalisées jusqu’ici. Cela représente en tout <b>  5'165</b> vaccinations. La semaine dernière, <b>   607</b> personnes ont été vaccinées chaque jour en moyenne. Cela représente une variation de <b>2482%</b> par rapport à la semaine précédente. Au total, <b>0</b> doses de vaccin ont été livrées jusqu’ici dans le canton d'Appenzell Rhodes-Intérieures. Sur ce nombre, <b>Inf%</b> ont été utilisés.<br><br>","Nel canton Appenzello Interno fino a questo momento sono state effettuate <b>3.2</b> iniezioni ogni 100 abitanti. In cifre assolute, si tratta di <b>  5'165</b> vaccinazioni. La scorsa settimana, in media <b>   607</b> persone sono state vaccinate giornalmente (variazione rispetto alla settimana precedente: <b>2482%)</b>. In totale, fino ad ora al canton Appenzello Interno sono state consegnate <b>0</b> dosi di vaccino. Quota di utilizzo: <b>Inf%</b>.<br><br>"
"AR","31.01.2021","  2'330",5.7,"    -3","158",-102,"0",Inf,"Appenzell Ausserrhoden","Appenzell Rhodes-Extérieures","Appenzello Esterno","Im Kanton Appenzell Ausserrhoden wurden bislang pro 100 Einwohner <b>5.7</b> Impfungen durchgeführt. Das entspricht <b>  2'330</b> Impfungen. In der vergangenen Woche wurden pro Tag durchschnittlich <b>    -3</b> Personen geimpft. Im Vergleich zur Vorwoche eintspricht dies einer Veränderung von <b>-102%</b>. Insgesamt wurden in den Kanton Appenzell Ausserrhoden bislang <b>0</b> Impfdosen geliefert. Davon wurden bereits <b>Inf%</b> verimpft.<br><br>","Dans le canton d'Appenzell Rhodes-Extérieures, <b>5.7</b> injections pour 100 habitants ont été réalisées jusqu’ici. Cela représente en tout <b>  2'330</b> vaccinations. La semaine dernière, <b>    -3</b> personnes ont été vaccinées chaque jour en moyenne. Cela représente une variation de <b>-102%</b> par rapport à la semaine précédente. Au total, <b>0</b> doses de vaccin ont été livrées jusqu’ici dans le canton d'Appenzell Rhodes-Extérieures. Sur ce nombre, <b>Inf%</b> ont été utilisés.<br><br>","Nel canton Appenzello Esterno fino a questo momento sono state effettuate <b>5.7</b> iniezioni ogni 100 abitanti. In cifre assolute, si tratta di <b>  2'330</b> vaccinazioni. La scorsa settimana, in media <b>    -3</b> persone sono state vaccinate giornalmente (variazione rispetto alla settimana precedente: <b>-102%)</b>. In totale, fino ad ora al canton Appenzello Esterno sono state consegnate <b>0</b> dosi di vaccino. Quota di utilizzo: <b>Inf%</b>.<br><br>"
"BE","31.01.2021"," 11'364",3.9,"  -421","702",-160,"0",Inf,"Bern","Berne","Berna","Im Kanton Bern wurden bislang pro 100 Einwohner <b>3.9</b> Impfungen durchgeführt. Das entspricht <b> 11'364</b> Impfungen. In der vergangenen Woche wurden pro Tag durchschnittlich <b>  -421</b> Personen geimpft. Im Vergleich zur Vorwoche eintspricht dies einer Veränderung von <b>-160%</b>. Insgesamt wurden in den Kanton Bern bislang <b>0</b> Impfdosen geliefert. Davon wurden bereits <b>Inf%</b> verimpft.<br><br>","Dans le canton de Berne, <b>3.9</b> injections pour 100 habitants ont été réalisées jusqu’ici. Cela représente en tout <b> 11'364</b> vaccinations. La semaine dernière, <b>  -421</b> personnes ont été vaccinées chaque jour en moyenne. Cela représente une variation de <b>-160%</b> par rapport à la semaine précédente. Au total, <b>0</b> doses de vaccin ont été livrées jusqu’ici dans le canton de Berne. Sur ce nombre, <b>Inf%</b> ont été utilisés.<br><br>","Nel canton Berna fino a questo momento sono state effettuate <b>3.9</b> iniezioni ogni 100 abitanti. In cifre assolute, si tratta di <b> 11'364</b> vaccinazioni. La scorsa settimana, in media <b>  -421</b> persone sono state vaccinate giornalmente (variazione rispetto alla settimana precedente: <b>-160%)</b>. In totale, fino ad ora al canton Berna sono state consegnate <b>0</b> dosi di vaccino. Quota di utilizzo: <b>Inf%</b>.<br><br>"
"BL","31.01.2021","  5'685",6.9,"  -376","332",-213,"0",Inf,"Basel-Landschaft","Bâle-Campagne","Basilea Campagna","Im Kanton Basel-Landschaft wurden bislang pro 100 Einwohner <b>6.9</b> Impfungen durchgeführt. Das entspricht <b>  5'685</b> Impfungen. In der vergangenen Woche wurden pro Tag durchschnittlich <b>  -376</b> Personen geimpft. Im Vergleich zur Vorwoche eintspricht dies einer Veränderung von <b>-213%</b>. Insgesamt wurden in den Kanton Basel-Landschaft bislang <b>0</b> Impfdosen geliefert. Davon wurden bereits <b>Inf%</b> verimpft.<br><br>","Dans le canton de Bâle-Campagne, <b>6.9</b> injections pour 100 habitants ont été réalisées jusqu’ici. Cela représente en tout <b>  5'685</b> vaccinations. La semaine dernière, <b>  -376</b> personnes ont été vaccinées chaque jour en moyenne. Cela représente une variation de <b>-213%</b> par rapport à la semaine précédente. Au total, <b>0</b> doses de vaccin ont été livrées jusqu’ici dans le canton de Bâle-Campagne. Sur ce nombre, <b>Inf%</b> ont été utilisés.<br><br>","Nel canton Basilea Campagna fino a questo momento sono state effettuate <b>6.9</b> iniezioni ogni 100 abitanti. In cifre assolute, si tratta di <b>  5'685</b> vaccinazioni. La scorsa settimana, in media <b>  -376</b> persone sono state vaccinate giornalmente (variazione rispetto alla settimana precedente: <b>-213%)</b>. In totale, fino ad ora al canton Basilea Campagna sono state consegnate <b>0</b> dosi di vaccino. Quota di utilizzo: <b>Inf%</b>.<br><br>"
"BS","31.01.2021"," 46'081",3," 5'027","  8",59045,"0",Inf,"Basel-Stadt","Bâle-Ville","Basilea Città","Im Kanton Basel-Stadt wurden bislang pro 100 Einwohner <b>3</b> Impfungen durchgeführt. Das entspricht <b> 46'081</b> Impfungen. In der vergangenen Woche wurden pro Tag durchschnittlich <b> 5'027</b> Personen geimpft. Im Vergleich zur Vorwoche eintspricht dies einer Veränderung von <b>59045%</b>. Insgesamt wurden in den Kanton Basel-Stadt bislang <b>0</b> Impfdosen geliefert. Davon wurden bereits <b>Inf%</b> verimpft.<br><br>","Dans le canton de Bâle-Ville, <b>3</b> injections pour 100 habitants ont été réalisées jusqu’ici. Cela représente en tout <b> 46'081</b> vaccinations. La semaine dernière, <b> 5'027</b> personnes ont été vaccinées chaque jour en moyenne. Cela représente une variation de <b>59045%</b> par rapport à la semaine précédente. Au total, <b>0</b> doses de vaccin ont été livrées jusqu’ici dans le canton de Bâle-Ville. Sur ce nombre, <b>Inf%</b> ont été utilisés.<br><br>","Nel canton Basilea Città fino a questo momento sono state effettuate <b>3</b> iniezioni ogni 100 abitanti. In cifre assolute, si tratta di <b> 46'081</b> vaccinazioni. La scorsa settimana, in media <b> 5'027</b> persone sono state vaccinate giornalmente (variazione rispetto alla settimana precedente: <b>59045%)</b>. In totale, fino ad ora al canton Basilea Città sono state consegnate <b>0</b> dosi di vaccino. Quota di utilizzo: <b>Inf%</b>.<br><br>"
"FR","31.01.2021"," 24'385",2.4," 2'614","261",901,"0",Inf,"Freiburg","Fribourg","Friburgo","Im Kanton Freiburg wurden bislang pro 100 Einwohner <b>2.4</b> Impfungen durchgeführt. Das entspricht <b> 24'385</b> Impfungen. In der vergangenen Woche wurden pro Tag durchschnittlich <b> 2'614</b> Personen geimpft. Im Vergleich zur Vorwoche eintspricht dies einer Veränderung von <b>901%</b>. Insgesamt wurden in den Kanton Freiburg bislang <b>0</b> Impfdosen geliefert. Davon wurden bereits <b>Inf%</b> verimpft.<br><br>","Dans le canton de Fribourg, <b>2.4</b> injections pour 100 habitants ont été réalisées jusqu’ici. Cela représente en tout <b> 24'385</b> vaccinations. La semaine dernière, <b> 2'614</b> personnes ont été vaccinées chaque jour en moyenne. Cela représente une variation de <b>901%</b> par rapport à la semaine précédente. Au total, <b>0</b> doses de vaccin ont été livrées jusqu’ici dans le canton de Fribourg. Sur ce nombre, <b>Inf%</b> ont été utilisés.<br><br>","Nel canton Friburgo fino a questo momento sono state effettuate <b>2.4</b> iniezioni ogni 100 abitanti. In cifre assolute, si tratta di <b> 24'385</b> vaccinazioni. La scorsa settimana, in media <b> 2'614</b> persone sono state vaccinate giornalmente (variazione rispetto alla settimana precedente: <b>901%)</b>. In totale, fino ad ora al canton Friburgo sono state consegnate <b>0</b> dosi di vaccino. Quota di utilizzo: <b>Inf%</b>.<br><br>"
"GE","31.01.2021","  9'580",3,"  -319","248",-229,"0",Inf,"Genf","Genève","Ginevra","Im Kanton Genf wurden bislang pro 100 Einwohner <b>3</b> Impfungen durchgeführt. Das entspricht <b>  9'580</b> Impfungen. In der vergangenen Woche wurden pro Tag durchschnittlich <b>  -319</b> Personen geimpft. Im Vergleich zur Vorwoche eintspricht dies einer Veränderung von <b>-229%</b>. Insgesamt wurden in den Kanton Genf bislang <b>0</b> Impfdosen geliefert. Davon wurden bereits <b>Inf%</b> verimpft.<br><br>","Dans le canton de Genève, <b>3</b> injections pour 100 habitants ont été réalisées jusqu’ici. Cela représente en tout <b>  9'580</b> vaccinations. La semaine dernière, <b>  -319</b> personnes ont été vaccinées chaque jour en moyenne. Cela représente une variation de <b>-229%</b> par rapport à la semaine précédente. Au total, <b>0</b> doses de vaccin ont été livrées jusqu’ici dans le canton de Genève. Sur ce nombre, <b>Inf%</b> ont été utilisés.<br><br>","Nel canton Ginevra fino a questo momento sono state effettuate <b>3</b> iniezioni ogni 100 abitanti. In cifre assolute, si tratta di <b>  9'580</b> vaccinazioni. La scorsa settimana, in media <b>  -319</b> persone sono state vaccinate giornalmente (variazione rispetto alla settimana precedente: <b>-229%)</b>. In totale, fino ad ora al canton Ginevra sono state consegnate <b>0</b> dosi di vaccino. Quota di utilizzo: <b>Inf%</b>.<br><br>"
"GL","31.01.2021"," 18'076",4.4," 2'362"," 72",3158,"0",Inf,"Glarus","Glaris","Glarona","Im Kanton Glarus wurden bislang pro 100 Einwohner <b>4.4</b> Impfungen durchgeführt. Das entspricht <b> 18'076</b> Impfungen. In der vergangenen Woche wurden pro Tag durchschnittlich <b> 2'362</b> Personen geimpft. Im Vergleich zur Vorwoche eintspricht dies einer Veränderung von <b>3158%</b>. Insgesamt wurden in den Kanton Glarus bislang <b>0</b> Impfdosen geliefert. Davon wurden bereits <b>Inf%</b> verimpft.<br><br>","Dans le canton de Glaris, <b>4.4</b> injections pour 100 habitants ont été réalisées jusqu’ici. Cela représente en tout <b> 18'076</b> vaccinations. La semaine dernière, <b> 2'362</b> personnes ont été vaccinées chaque jour en moyenne. Cela représente une variation de <b>3158%</b> par rapport à la semaine précédente. Au total, <b>0</b> doses de vaccin ont été livrées jusqu’ici dans le canton de Glaris. Sur ce nombre, <b>Inf%</b> ont été utilisés.<br><br>","Nel canton Glarona fino a questo momento sono state effettuate <b>4.4</b> iniezioni ogni 100 abitanti. In cifre assolute, si tratta di <b> 18'076</b> vaccinazioni. La scorsa settimana, in media <b> 2'362</b> persone sono state vaccinate giornalmente (variazione rispetto alla settimana precedente: <b>3158%)</b>. In totale, fino ad ora al canton Glarona sono state consegnate <b>0</b> dosi di vaccino. Quota di utilizzo: <b>Inf%</b>.<br><br>"
"GR","31.01.2021","315'033",3.6,"44'388","142",31104,"0",Inf,"Graubünden","Grisons","Grigioni","Im Kanton Graubünden wurden bislang pro 100 Einwohner <b>3.6</b> Impfungen durchgeführt. Das entspricht <b>315'033</b> Impfungen. In der vergangenen Woche wurden pro Tag durchschnittlich <b>44'388</b> Personen geimpft. Im Vergleich zur Vorwoche eintspricht dies einer Veränderung von <b>31104%</b>. Insgesamt wurden in den Kanton Graubünden bislang <b>0</b> Impfdosen geliefert. Davon wurden bereits <b>Inf%</b> verimpft.<br><br>","Dans le canton des Grisons, <b>3.6</b> injections pour 100 habitants ont été réalisées jusqu’ici. Cela représente en tout <b>315'033</b> vaccinations. La semaine dernière, <b>44'388</b> personnes ont été vaccinées chaque jour en moyenne. Cela représente une variation de <b>31104%</b> par rapport à la semaine précédente. Au total, <b>0</b> doses de vaccin ont été livrées jusqu’ici dans le canton des Grisons. Sur ce nombre, <b>Inf%</b> ont été utilisés.<br><br>","Nel canton Grigioni fino a questo momento sono state effettuate <b>3.6</b> iniezioni ogni 100 abitanti. In cifre assolute, si tratta di <b>315'033</b> vaccinazioni. La scorsa settimana, in media <b>44'388</b> persone sono state vaccinate giornalmente (variazione rispetto alla settimana precedente: <b>31104%)</b>. In totale, fino ad ora al canton Grigioni sono state consegnate <b>0</b> dosi di vaccino. Quota di utilizzo: <b>Inf%</b>.<br><br>"
"JU","31.01.2021"," 13'754",7," 1'675"," 32",5216,"0",Inf,"Jura","Jura","Giura","Im Kanton Jura wurden bislang pro 100 Einwohner <b>7</b> Impfungen durchgeführt. Das entspricht <b> 13'754</b> Impfungen. In der vergangenen Woche wurden pro Tag durchschnittlich <b> 1'675</b> Personen geimpft. Im Vergleich zur Vorwoche eintspricht dies einer Veränderung von <b>5216%</b>. Insgesamt wurden in den Kanton Jura bislang <b>0</b> Impfdosen geliefert. Davon wurden bereits <b>Inf%</b> verimpft.<br><br>","Dans le canton du Jura, <b>7</b> injections pour 100 habitants ont été réalisées jusqu’ici. Cela représente en tout <b> 13'754</b> vaccinations. La semaine dernière, <b> 1'675</b> personnes ont été vaccinées chaque jour en moyenne. Cela représente une variation de <b>5216%</b> par rapport à la semaine précédente. Au total, <b>0</b> doses de vaccin ont été livrées jusqu’ici dans le canton du Jura. Sur ce nombre, <b>Inf%</b> ont été utilisés.<br><br>","Nel canton Giura fino a questo momento sono state effettuate <b>7</b> iniezioni ogni 100 abitanti. In cifre assolute, si tratta di <b> 13'754</b> vaccinazioni. La scorsa settimana, in media <b> 1'675</b> persone sono state vaccinate giornalmente (variazione rispetto alla settimana precedente: <b>5216%)</b>. In totale, fino ad ora al canton Giura sono state consegnate <b>0</b> dosi di vaccino. Quota di utilizzo: <b>Inf%</b>.<br><br>"
"LU","31.01.2021","  2'184",6,"-1'294","535",-342,"0",Inf,"Luzern","Lucerne","Lucerna","Im Kanton Luzern wurden bislang pro 100 Einwohner <b>6</b> Impfungen durchgeführt. Das entspricht <b>  2'184</b> Impfungen. In der vergangenen Woche wurden pro Tag durchschnittlich <b>-1'294</b> Personen geimpft. Im Vergleich zur Vorwoche eintspricht dies einer Veränderung von <b>-342%</b>. Insgesamt wurden in den Kanton Luzern bislang <b>0</b> Impfdosen geliefert. Davon wurden bereits <b>Inf%</b> verimpft.<br><br>","Dans le canton de Lucerne, <b>6</b> injections pour 100 habitants ont été réalisées jusqu’ici. Cela représente en tout <b>  2'184</b> vaccinations. La semaine dernière, <b>-1'294</b> personnes ont été vaccinées chaque jour en moyenne. Cela représente une variation de <b>-342%</b> par rapport à la semaine précédente. Au total, <b>0</b> doses de vaccin ont été livrées jusqu’ici dans le canton de Lucerne. Sur ce nombre, <b>Inf%</b> ont été utilisés.<br><br>","Nel canton Lucerna fino a questo momento sono state effettuate <b>6</b> iniezioni ogni 100 abitanti. In cifre assolute, si tratta di <b>  2'184</b> vaccinazioni. La scorsa settimana, in media <b>-1'294</b> persone sono state vaccinate giornalmente (variazione rispetto alla settimana precedente: <b>-342%)</b>. In totale, fino ad ora al canton Lucerna sono state consegnate <b>0</b> dosi di vaccino. Quota di utilizzo: <b>Inf%</b>.<br><br>"
"NE","31.01.2021"," 15'099",5.5," 1'788","136",1212,"0",Inf,"Neuenburg","Neuchâtel","Neuchâtel","Im Kanton Neuenburg wurden bislang pro 100 Einwohner <b>5.5</b> Impfungen durchgeführt. Das entspricht <b> 15'099</b> Impfungen. In der vergangenen Woche wurden pro Tag durchschnittlich <b> 1'788</b> Personen geimpft. Im Vergleich zur Vorwoche eintspricht dies einer Veränderung von <b>1212%</b>. Insgesamt wurden in den Kanton Neuenburg bislang <b>0</b> Impfdosen geliefert. Davon wurden bereits <b>Inf%</b> verimpft.<br><br>","Dans le canton de Neuchâtel, <b>5.5</b> injections pour 100 habitants ont été réalisées jusqu’ici. Cela représente en tout <b> 15'099</b> vaccinations. La semaine dernière, <b> 1'788</b> personnes ont été vaccinées chaque jour en moyenne. Cela représente une variation de <b>1212%</b> par rapport à la semaine précédente. Au total, <b>0</b> doses de vaccin ont été livrées jusqu’ici dans le canton de Neuchâtel. Sur ce nombre, <b>Inf%</b> ont été utilisés.<br><br>","Nel canton Neuchâtel fino a questo momento sono state effettuate <b>5.5</b> iniezioni ogni 100 abitanti. In cifre assolute, si tratta di <b> 15'099</b> vaccinazioni. La scorsa settimana, in media <b> 1'788</b> persone sono state vaccinate giornalmente (variazione rispetto alla settimana precedente: <b>1212%)</b>. In totale, fino ad ora al canton Neuchâtel sono state consegnate <b>0</b> dosi di vaccino. Quota di utilizzo: <b>Inf%</b>.<br><br>"
"NW","31.01.2021","  7'339",3.7,"   589","317",86,"0",Inf,"Nidwalden","Nidwald","Nidvaldo","Im Kanton Nidwalden wurden bislang pro 100 Einwohner <b>3.7</b> Impfungen durchgeführt. Das entspricht <b>  7'339</b> Impfungen. In der vergangenen Woche wurden pro Tag durchschnittlich <b>   589</b> Personen geimpft. Im Vergleich zur Vorwoche eintspricht dies einer Veränderung von <b>86%</b>. Insgesamt wurden in den Kanton Nidwalden bislang <b>0</b> Impfdosen geliefert. Davon wurden bereits <b>Inf%</b> verimpft.<br><br>","Dans le canton de Nidwald, <b>3.7</b> injections pour 100 habitants ont été réalisées jusqu’ici. Cela représente en tout <b>  7'339</b> vaccinations. La semaine dernière, <b>   589</b> personnes ont été vaccinées chaque jour en moyenne. Cela représente une variation de <b>86%</b> par rapport à la semaine précédente. Au total, <b>0</b> doses de vaccin ont été livrées jusqu’ici dans le canton de Nidwald. Sur ce nombre, <b>Inf%</b> ont été utilisés.<br><br>","Nel canton Nidvaldo fino a questo momento sono state effettuate <b>3.7</b> iniezioni ogni 100 abitanti. In cifre assolute, si tratta di <b>  7'339</b> vaccinazioni. La scorsa settimana, in media <b>   589</b> persone sono state vaccinate giornalmente (variazione rispetto alla settimana precedente: <b>86%)</b>. In totale, fino ad ora al canton Nidvaldo sono state consegnate <b>0</b> dosi di vaccino. Quota di utilizzo: <b>Inf%</b>.<br><br>"
"OW","31.01.2021"," 19'737",5.6," 2'553","  0",1021100,"0",Inf,"Obwalden","Obwald","Obvaldo","Im Kanton Obwalden wurden bislang pro 100 Einwohner <b>5.6</b> Impfungen durchgeführt. Das entspricht <b> 19'737</b> Impfungen. In der vergangenen Woche wurden pro Tag durchschnittlich <b> 2'553</b> Personen geimpft. Im Vergleich zur Vorwoche eintspricht dies einer Veränderung von <b>1021100%</b>. Insgesamt wurden in den Kanton Obwalden bislang <b>0</b> Impfdosen geliefert. Davon wurden bereits <b>Inf%</b> verimpft.<br><br>","Dans le canton d'Obwald, <b>5.6</b> injections pour 100 habitants ont été réalisées jusqu’ici. Cela représente en tout <b> 19'737</b> vaccinations. La semaine dernière, <b> 2'553</b> personnes ont été vaccinées chaque jour en moyenne. Cela représente une variation de <b>1021100%</b> par rapport à la semaine précédente. Au total, <b>0</b> doses de vaccin ont été livrées jusqu’ici dans le canton d'Obwald. Sur ce nombre, <b>Inf%</b> ont été utilisés.<br><br>","Nel canton Obvaldo fino a questo momento sono state effettuate <b>5.6</b> iniezioni ogni 100 abitanti. In cifre assolute, si tratta di <b> 19'737</b> vaccinazioni. La scorsa settimana, in media <b> 2'553</b> persone sono state vaccinate giornalmente (variazione rispetto alla settimana precedente: <b>1021100%)</b>. In totale, fino ad ora al canton Obvaldo sono state consegnate <b>0</b> dosi di vaccino. Quota di utilizzo: <b>Inf%</b>.<br><br>"
"SG","31.01.2021","  7'431",5.8,"  -206","410",-150,"0",Inf,"St. Gallen","Saint-Gall","San Gallo","Im Kanton St. Gallen wurden bislang pro 100 Einwohner <b>5.8</b> Impfungen durchgeführt. Das entspricht <b>  7'431</b> Impfungen. In der vergangenen Woche wurden pro Tag durchschnittlich <b>  -206</b> Personen geimpft. Im Vergleich zur Vorwoche eintspricht dies einer Veränderung von <b>-150%</b>. Insgesamt wurden in den Kanton St. Gallen bislang <b>0</b> Impfdosen geliefert. Davon wurden bereits <b>Inf%</b> verimpft.<br><br>","Dans le canton de Saint-Gall, <b>5.8</b> injections pour 100 habitants ont été réalisées jusqu’ici. Cela représente en tout <b>  7'431</b> vaccinations. La semaine dernière, <b>  -206</b> personnes ont été vaccinées chaque jour en moyenne. Cela représente une variation de <b>-150%</b> par rapport à la semaine précédente. Au total, <b>0</b> doses de vaccin ont été livrées jusqu’ici dans le canton de Saint-Gall. Sur ce nombre, <b>Inf%</b> ont été utilisés.<br><br>","Nel canton San Gallo fino a questo momento sono state effettuate <b>5.8</b> iniezioni ogni 100 abitanti. In cifre assolute, si tratta di <b>  7'431</b> vaccinazioni. La scorsa settimana, in media <b>  -206</b> persone sono state vaccinate giornalmente (variazione rispetto alla settimana precedente: <b>-150%)</b>. In totale, fino ad ora al canton San Gallo sono state consegnate <b>0</b> dosi di vaccino. Quota di utilizzo: <b>Inf%</b>.<br><br>"
"SH","31.01.2021","  1'092",6.8,"  -413","107",-486,"0",Inf,"Schaffhausen","Schaffhouse","Sciaffusa","Im Kanton Schaffhausen wurden bislang pro 100 Einwohner <b>6.8</b> Impfungen durchgeführt. Das entspricht <b>  1'092</b> Impfungen. In der vergangenen Woche wurden pro Tag durchschnittlich <b>  -413</b> Personen geimpft. Im Vergleich zur Vorwoche eintspricht dies einer Veränderung von <b>-486%</b>. Insgesamt wurden in den Kanton Schaffhausen bislang <b>0</b> Impfdosen geliefert. Davon wurden bereits <b>Inf%</b> verimpft.<br><br>","Dans le canton de Schaffhouse, <b>6.8</b> injections pour 100 habitants ont été réalisées jusqu’ici. Cela représente en tout <b>  1'092</b> vaccinations. La semaine dernière, <b>  -413</b> personnes ont été vaccinées chaque jour en moyenne. Cela représente une variation de <b>-486%</b> par rapport à la semaine précédente. Au total, <b>0</b> doses de vaccin ont été livrées jusqu’ici dans le canton de Schaffhouse. Sur ce nombre, <b>Inf%</b> ont été utilisés.<br><br>","Nel canton Sciaffusa fino a questo momento sono state effettuate <b>6.8</b> iniezioni ogni 100 abitanti. In cifre assolute, si tratta di <b>  1'092</b> vaccinazioni. La scorsa settimana, in media <b>  -413</b> persone sono state vaccinate giornalmente (variazione rispetto alla settimana precedente: <b>-486%)</b>. In totale, fino ad ora al canton Sciaffusa sono state consegnate <b>0</b> dosi di vaccino. Quota di utilizzo: <b>Inf%</b>.<br><br>"
"SO","31.01.2021"," 20'034",2.9," 1'400","434",223,"0",Inf,"Solothurn","Soleure","Soletta","Im Kanton Solothurn wurden bislang pro 100 Einwohner <b>2.9</b> Impfungen durchgeführt. Das entspricht <b> 20'034</b> Impfungen. In der vergangenen Woche wurden pro Tag durchschnittlich <b> 1'400</b> Personen geimpft. Im Vergleich zur Vorwoche eintspricht dies einer Veränderung von <b>223%</b>. Insgesamt wurden in den Kanton Solothurn bislang <b>0</b> Impfdosen geliefert. Davon wurden bereits <b>Inf%</b> verimpft.<br><br>","Dans le canton de Soleure, <b>2.9</b> injections pour 100 habitants ont été réalisées jusqu’ici. Cela représente en tout <b> 20'034</b> vaccinations. La semaine dernière, <b> 1'400</b> personnes ont été vaccinées chaque jour en moyenne. Cela représente une variation de <b>223%</b> par rapport à la semaine précédente. Au total, <b>0</b> doses de vaccin ont été livrées jusqu’ici dans le canton de Soleure. Sur ce nombre, <b>Inf%</b> ont été utilisés.<br><br>","Nel canton Soletta fino a questo momento sono state effettuate <b>2.9</b> iniezioni ogni 100 abitanti. In cifre assolute, si tratta di <b> 20'034</b> vaccinazioni. La scorsa settimana, in media <b> 1'400</b> persone sono state vaccinate giornalmente (variazione rispetto alla settimana precedente: <b>223%)</b>. In totale, fino ad ora al canton Soletta sono state consegnate <b>0</b> dosi di vaccino. Quota di utilizzo: <b>Inf%</b>.<br><br>"
"SZ","31.01.2021","  3'218",7.5,"    -5"," 51",-109,"0",Inf,"Schwyz","Schwyz","Svitto","Im Kanton Schwyz wurden bislang pro 100 Einwohner <b>7.5</b> Impfungen durchgeführt. Das entspricht <b>  3'218</b> Impfungen. In der vergangenen Woche wurden pro Tag durchschnittlich <b>    -5</b> Personen geimpft. Im Vergleich zur Vorwoche eintspricht dies einer Veränderung von <b>-109%</b>. Insgesamt wurden in den Kanton Schwyz bislang <b>0</b> Impfdosen geliefert. Davon wurden bereits <b>Inf%</b> verimpft.<br><br>","Dans le canton de Schwyz, <b>7.5</b> injections pour 100 habitants ont été réalisées jusqu’ici. Cela représente en tout <b>  3'218</b> vaccinations. La semaine dernière, <b>    -5</b> personnes ont été vaccinées chaque jour en moyenne. Cela représente une variation de <b>-109%</b> par rapport à la semaine précédente. Au total, <b>0</b> doses de vaccin ont été livrées jusqu’ici dans le canton de Schwyz. Sur ce nombre, <b>Inf%</b> ont été utilisés.<br><br>","Nel canton Svitto fino a questo momento sono state effettuate <b>7.5</b> iniezioni ogni 100 abitanti. In cifre assolute, si tratta di <b>  3'218</b> vaccinazioni. La scorsa settimana, in media <b>    -5</b> persone sono state vaccinate giornalmente (variazione rispetto alla settimana precedente: <b>-109%)</b>. In totale, fino ad ora al canton Svitto sono state consegnate <b>0</b> dosi di vaccino. Quota di utilizzo: <b>Inf%</b>.<br><br>"
"TG","31.01.2021"," 19'281",3.8," 2'173","273",696,"0",Inf,"Thurgau","Thurgovie","Turgovia","Im Kanton Thurgau wurden bislang pro 100 Einwohner <b>3.8</b> Impfungen durchgeführt. Das entspricht <b> 19'281</b> Impfungen. In der vergangenen Woche wurden pro Tag durchschnittlich <b> 2'173</b> Personen geimpft. Im Vergleich zur Vorwoche eintspricht dies einer Veränderung von <b>696%</b>. Insgesamt wurden in den Kanton Thurgau bislang <b>0</b> Impfdosen geliefert. Davon wurden bereits <b>Inf%</b> verimpft.<br><br>","Dans le canton de Thurgovie, <b>3.8</b> injections pour 100 habitants ont été réalisées jusqu’ici. Cela représente en tout <b> 19'281</b> vaccinations. La semaine dernière, <b> 2'173</b> personnes ont été vaccinées chaque jour en moyenne. Cela représente une variation de <b>696%</b> par rapport à la semaine précédente. Au total, <b>0</b> doses de vaccin ont été livrées jusqu’ici dans le canton de Thurgovie. Sur ce nombre, <b>Inf%</b> ont été utilisés.<br><br>","Nel canton Turgovia fino a questo momento sono state effettuate <b>3.8</b> iniezioni ogni 100 abitanti. In cifre assolute, si tratta di <b> 19'281</b> vaccinazioni. La scorsa settimana, in media <b> 2'173</b> persone sono state vaccinate giornalmente (variazione rispetto alla settimana precedente: <b>696%)</b>. In totale, fino ad ora al canton Turgovia sono state consegnate <b>0</b> dosi di vaccino. Quota di utilizzo: <b>Inf%</b>.<br><br>"
"TI","31.01.2021","314'200",3.6,"43'198","385",11120,"0",Inf,"Tessin","Tessin","Ticino","Im Kanton Tessin wurden bislang pro 100 Einwohner <b>3.6</b> Impfungen durchgeführt. Das entspricht <b>314'200</b> Impfungen. In der vergangenen Woche wurden pro Tag durchschnittlich <b>43'198</b> Personen geimpft. Im Vergleich zur Vorwoche eintspricht dies einer Veränderung von <b>11120%</b>. Insgesamt wurden in den Kanton Tessin bislang <b>0</b> Impfdosen geliefert. Davon wurden bereits <b>Inf%</b> verimpft.<br><br>","Dans le canton du Tessin, <b>3.6</b> injections pour 100 habitants ont été réalisées jusqu’ici. Cela représente en tout <b>314'200</b> vaccinations. La semaine dernière, <b>43'198</b> personnes ont été vaccinées chaque jour en moyenne. Cela représente une variation de <b>11120%</b> par rapport à la semaine précédente. Au total, <b>0</b> doses de vaccin ont été livrées jusqu’ici dans le canton du Tessin. Sur ce nombre, <b>Inf%</b> ont été utilisés.<br><br>","Nel canton Ticino fino a questo momento sono state effettuate <b>3.6</b> iniezioni ogni 100 abitanti. In cifre assolute, si tratta di <b>314'200</b> vaccinazioni. La scorsa settimana, in media <b>43'198</b> persone sono state vaccinate giornalmente (variazione rispetto alla settimana precedente: <b>11120%)</b>. In totale, fino ad ora al canton Ticino sono state consegnate <b>0</b> dosi di vaccino. Quota di utilizzo: <b>Inf%</b>.<br><br>"
"UR","31.01.2021","    833",2.1,"   -75"," 57",-233,"0",Inf,"Uri","Uri","Uri","Im Kanton Uri wurden bislang pro 100 Einwohner <b>2.1</b> Impfungen durchgeführt. Das entspricht <b>    833</b> Impfungen. In der vergangenen Woche wurden pro Tag durchschnittlich <b>   -75</b> Personen geimpft. Im Vergleich zur Vorwoche eintspricht dies einer Veränderung von <b>-233%</b>. Insgesamt wurden in den Kanton Uri bislang <b>0</b> Impfdosen geliefert. Davon wurden bereits <b>Inf%</b> verimpft.<br><br>","Dans le canton d'Uri, <b>2.1</b> injections pour 100 habitants ont été réalisées jusqu’ici. Cela représente en tout <b>    833</b> vaccinations. La semaine dernière, <b>   -75</b> personnes ont été vaccinées chaque jour en moyenne. Cela représente une variation de <b>-233%</b> par rapport à la semaine précédente. Au total, <b>0</b> doses de vaccin ont été livrées jusqu’ici dans le canton d'Uri. Sur ce nombre, <b>Inf%</b> ont été utilisés.<br><br>","Nel canton Uri fino a questo momento sono state effettuate <b>2.1</b> iniezioni ogni 100 abitanti. In cifre assolute, si tratta di <b>    833</b> vaccinazioni. La scorsa settimana, in media <b>   -75</b> persone sono state vaccinate giornalmente (variazione rispetto alla settimana precedente: <b>-233%)</b>. In totale, fino ad ora al canton Uri sono state consegnate <b>0</b> dosi di vaccino. Quota di utilizzo: <b>Inf%</b>.<br><br>"
"VD","31.01.2021","  4'907",2.8,"-1'563","614",-355,"0",Inf,"Waadt","Vaud","Vaud","Im Kanton Waadt wurden bislang pro 100 Einwohner <b>2.8</b> Impfungen durchgeführt. Das entspricht <b>  4'907</b> Impfungen. In der vergangenen Woche wurden pro Tag durchschnittlich <b>-1'563</b> Personen geimpft. Im Vergleich zur Vorwoche eintspricht dies einer Veränderung von <b>-355%</b>. Insgesamt wurden in den Kanton Waadt bislang <b>0</b> Impfdosen geliefert. Davon wurden bereits <b>Inf%</b> verimpft.<br><br>","Dans le canton de Vaud, <b>2.8</b> injections pour 100 habitants ont été réalisées jusqu’ici. Cela représente en tout <b>  4'907</b> vaccinations. La semaine dernière, <b>-1'563</b> personnes ont été vaccinées chaque jour en moyenne. Cela représente une variation de <b>-355%</b> par rapport à la semaine précédente. Au total, <b>0</b> doses de vaccin ont été livrées jusqu’ici dans le canton de Vaud. Sur ce nombre, <b>Inf%</b> ont été utilisés.<br><br>","Nel canton Vaud fino a questo momento sono state effettuate <b>2.8</b> iniezioni ogni 100 abitanti. In cifre assolute, si tratta di <b>  4'907</b> vaccinazioni. La scorsa settimana, in media <b>-1'563</b> persone sono state vaccinate giornalmente (variazione rispetto alla settimana precedente: <b>-355%)</b>. In totale, fino ad ora al canton Vaud sono state consegnate <b>0</b> dosi di vaccino. Quota di utilizzo: <b>Inf%</b>.<br><br>"
"VS","31.01.2021","  2'792",3.8,"-1'060","559",-290,"0",Inf,"Wallis","Valais","Vallese","Im Kanton Wallis wurden bislang pro 100 Einwohner <b>3.8</b> Impfungen durchgeführt. Das entspricht <b>  2'792</b> Impfungen. In der vergangenen Woche wurden pro Tag durchschnittlich <b>-1'060</b> Personen geimpft. Im Vergleich zur Vorwoche eintspricht dies einer Veränderung von <b>-290%</b>. Insgesamt wurden in den Kanton Wallis bislang <b>0</b> Impfdosen geliefert. Davon wurden bereits <b>Inf%</b> verimpft.<br><br>","Dans le canton de Valais, <b>3.8</b> injections pour 100 habitants ont été réalisées jusqu’ici. Cela représente en tout <b>  2'792</b> vaccinations. La semaine dernière, <b>-1'060</b> personnes ont été vaccinées chaque jour en moyenne. Cela représente une variation de <b>-290%</b> par rapport à la semaine précédente. Au total, <b>0</b> doses de vaccin ont été livrées jusqu’ici dans le canton de Valais. Sur ce nombre, <b>Inf%</b> ont été utilisés.<br><br>","Nel canton Vallese fino a questo momento sono state effettuate <b>3.8</b> iniezioni ogni 100 abitanti. In cifre assolute, si tratta di <b>  2'792</b> vaccinazioni. La scorsa settimana, in media <b>-1'060</b> persone sono state vaccinate giornalmente (variazione rispetto alla settimana precedente: <b>-290%)</b>. In totale, fino ad ora al canton Vallese sono state consegnate <b>0</b> dosi di vaccino. Quota di utilizzo: <b>Inf%</b>.<br><br>"
"ZG","31.01.2021","  2'156",5.7,"  -635","475",-234,"0",Inf,"Zug","Zoug","Zugo","Im Kanton Zug wurden bislang pro 100 Einwohner <b>5.7</b> Impfungen durchgeführt. Das entspricht <b>  2'156</b> Impfungen. In der vergangenen Woche wurden pro Tag durchschnittlich <b>  -635</b> Personen geimpft. Im Vergleich zur Vorwoche eintspricht dies einer Veränderung von <b>-234%</b>. Insgesamt wurden in den Kanton Zug bislang <b>0</b> Impfdosen geliefert. Davon wurden bereits <b>Inf%</b> verimpft.<br><br>","Dans le canton de Zoug, <b>5.7</b> injections pour 100 habitants ont été réalisées jusqu’ici. Cela représente en tout <b>  2'156</b> vaccinations. La semaine dernière, <b>  -635</b> personnes ont été vaccinées chaque jour en moyenne. Cela représente une variation de <b>-234%</b> par rapport à la semaine précédente. Au total, <b>0</b> doses de vaccin ont été livrées jusqu’ici dans le canton de Zoug. Sur ce nombre, <b>Inf%</b> ont été utilisés.<br><br>","Nel canton Zugo fino a questo momento sono state effettuate <b>5.7</b> iniezioni ogni 100 abitanti. In cifre assolute, si tratta di <b>  2'156</b> vaccinazioni. La scorsa settimana, in media <b>  -635</b> persone sono state vaccinate giornalmente (variazione rispetto alla settimana precedente: <b>-234%)</b>. In totale, fino ad ora al canton Zugo sono state consegnate <b>0</b> dosi di vaccino. Quota di utilizzo: <b>Inf%</b>.<br><br>"
"ZH","31.01.2021","  3'542",6.4,"-3'141","135",-2431,"0",Inf,"Zürich","Zurich","Zurigo","Im Kanton Zürich wurden bislang pro 100 Einwohner <b>6.4</b> Impfungen durchgeführt. Das entspricht <b>  3'542</b> Impfungen. In der vergangenen Woche wurden pro Tag durchschnittlich <b>-3'141</b> Personen geimpft. Im Vergleich zur Vorwoche eintspricht dies einer Veränderung von <b>-2431%</b>. Insgesamt wurden in den Kanton Zürich bislang <b>0</b> Impfdosen geliefert. Davon wurden bereits <b>Inf%</b> verimpft.<br><br>","Dans le canton de Zurich, <b>6.4</b> injections pour 100 habitants ont été réalisées jusqu’ici. Cela représente en tout <b>  3'542</b> vaccinations. La semaine dernière, <b>-3'141</b> personnes ont été vaccinées chaque jour en moyenne. Cela représente une variation de <b>-2431%</b> par rapport à la semaine précédente. Au total, <b>0</b> doses de vaccin ont été livrées jusqu’ici dans le canton de Zurich. Sur ce nombre, <b>Inf%</b> ont été utilisés.<br><br>","Nel canton Zurigo fino a questo momento sono state effettuate <b>6.4</b> iniezioni ogni 100 abitanti. In cifre assolute, si tratta di <b>  3'542</b> vaccinazioni. La scorsa settimana, in media <b>-3'141</b> persone sono state vaccinate giornalmente (variazione rispetto alla settimana precedente: <b>-2431%)</b>. In totale, fino ad ora al canton Zurigo sono state consegnate <b>0</b> dosi di vaccino. Quota di utilizzo: <b>Inf%</b>.<br><br>"
